Unnamed: 0,origin,searchInfo,status,doi,title,is_match
7,"[7]S. Ghane, A. Jolfaei, L. Kulik, K. Ramamohanarao, and D. Puthal,“Preserving privacy in the internet of connected vehicles,” IEEE Trans.Intell. Transp. Syst., vol. 22, no. 8, pp. 5018C5027, 2021.","S. Ghane, A. Jolfaei, L. Kulik, K. Ramamohanarao, and D. Puthal,“Preserving privacy in the internet of connected vehicles,” IEEE Trans.Intell. Transp. Syst., vol. 22, no. 8, pp. 5018C5027, 2021.",,10.1109/tits.2020.2964410,Preserving privacy in the internet of connected vehicles,match
8,"[8]T. Shon, “In-vehicle networking/autonomous vehicle security for Internet of Things/Vehicles,” Electronics, vol. 10, no. 6, p. 637, 2021,","T. Shon, “In-vehicle networking/autonomous vehicle security for Internet of Things/Vehicles,” Electronics, vol. 10, no. 6, p. 637, 2021,",no result,,,
9,"[9]L. Li-ting, W. Xiao-min, W. Yu, and Z. Wen-fang, “Secure and efficient authentication and key agreement protocol using certificateless aggregate signature for cloud service oriented VANET,” Acta Electonica Sinica, vol.48, no. 9, pp. 1814C1823, 2020.","L. Li-ting, W. Xiao-min, W. Yu, and Z. Wen-fang, “Secure and efficient authentication and key agreement protocol using certificateless aggregate signature for cloud service oriented VANET,” Acta Electonica Sinica, vol.48, no. 9, pp. 1814C1823, 2020.",no result,,,
10,"[10]Y. Lin, S. Yan, Y. Zhang, C. Li, and F. Shu, “Flow-of-traffic prediction program based mobile edge computing for Internet of Vehicles using double auction,” Tongxin Xuebao/J. Commun., vol. 41, no. 12, pp. 205C 214, 2020.","Y. Lin, S. Yan, Y. Zhang, C. Li, and F. Shu, “Flow-of-traffic prediction program based mobile edge computing for Internet of Vehicles using double auction,” Tongxin Xuebao/J. Commun., vol. 41, no. 12, pp. 205C 214, 2020.",,10.1109/mits.2022.3190036,"A Survey of the Social Internet of Vehicles: Secure Data Issues, Solutions, and Federated Learning",no_match
11,"[11]M. Aloqaily, V. Balasubramanian, F. Zaman, I. Al Ridhawi, and Y. Jararweh, “Congestion mitigation in densely crowded environments for augmenting QoS in vehicular clouds,” in Proc. 8th ACM Symp. Des.Anal. Intell. Veh. Netw. Appl. (DIVANet), Montreal, Canada, 2018, pp.49C56.","M. Aloqaily, V. Balasubramanian, F. Zaman, I. Al Ridhawi, and Y. Jararweh, “Congestion mitigation in densely crowded environments for augmenting QoS in vehicular clouds,” in Proc. 8th ACM Symp. Des.Anal. Intell. Veh. Netw. Appl. (DIVANet), Montreal, Canada, 2018, pp.49C56.",,10.1145/3272036.3272038,Congestion mitigation in densely crowded environments for augmenting qos in vehicular clouds,no_match
12,"[12]P. K. Singh, D. Chourasiya, A. Singh, S. K. Nandi, and S. Nandi, “CCAPS: Cooperative context aware privacy scheme for VANETs,” in Proc. 90th IEEE Veh. Technol. Conf. (VTC-Fall), Honolulu, HI, USA, 2019, pp. 1C5.","P. K. Singh, D. Chourasiya, A. Singh, S. K. Nandi, and S. Nandi, “CCAPS: Cooperative context aware privacy scheme for VANETs,” in Proc. 90th IEEE Veh. Technol. Conf. (VTC-Fall), Honolulu, HI, USA, 2019, pp. 1C5.",,10.1109/vtcfall.2019.8891099,CCAPS: Cooperative context aware privacy scheme for VANETs,match
13,"[13]C. Chen, H. Y. Xiang, T. Qiu, C. Wang, Y. Zhou, and V. Chang, “A rearend collision prediction scheme based on deep learning in the Internet of Vehicles,” J. Parallel Distrib. Comput., vol. 117, pp. 192C204, Jul.2018.","C. Chen, H. Y. Xiang, T. Qiu, C. Wang, Y. Zhou, and V. Chang, “A rearend collision prediction scheme based on deep learning in the Internet of Vehicles,” J. Parallel Distrib. Comput., vol. 117, pp. 192C204, Jul.2018.",,10.1016/j.jpdc.2017.08.014,A rear-end collision prediction scheme based on deep learning in the Internet of Vehicles,no_match
14,[14]蔚来信息安全委员会.关于数据安全事件的声明.[2022-12-20].https://baijiahao.baidu.com/s?id=1752806928355031047&wfr=spider&for=pc.,蔚来信息安全委员会.关于数据安全事件的声明.[2022-12-20].https://baijiahao.baidu.com/s?id=1752806928355031047&wfr=spider&for=pc.,no result,,,
15,"[15]P. Zhao, Y. Huang, J. Gao, L. Xing, H. Wu, and H. Ma, “Federated learning-based collaborative authentication protocol for shared data in social IoV,” IEEE Sensors J., vol. 22, no. 7, pp. 7385C7398, 2022.","P. Zhao, Y. Huang, J. Gao, L. Xing, H. Wu, and H. Ma, “Federated learning-based collaborative authentication protocol for shared data in social IoV,” IEEE Sensors J., vol. 22, no. 7, pp. 7385C7398, 2022.",,10.1109/jsen.2022.3153338,Federated learning-based collaborative authentication protocol for shared data in social IoV,match
16,"[16]顾育豪,白跃彬.联邦学习模型安全与隐私研究进展[J].软件学报,2023,34(06):2833-2864.","顾育豪,白跃彬.联邦学习模型安全与隐私研究进展[J].软件学报,2023,34(06):2833-2864.",no result,,,
17,"[17]Towards Social Internet of Vehicles: Concept,Architecture and Applications.","Towards Social Internet of Vehicles: Concept,Architecture and Applications.",,10.1109/access.2015.2416657,"Toward social internet of vehicles: Concept, architecture, and applications",no_match
18,"[18]T. D. T. Nguyen, V. Nguyen, V. N. Pham, L. N. T. Huynh, M. D. Hossain, and E. N. Huh, “Modeling data redundancy and cost-aware task allocation in MEC enabled Internet-of-Vehicles applications,” IEEE Internet Things J., vol. 8, no. 3, pp. 1687C1701, 2021.","T. D. T. Nguyen, V. Nguyen, V. N. Pham, L. N. T. Huynh, M. D. Hossain, and E. N. Huh, “Modeling data redundancy and cost-aware task allocation in MEC enabled Internet-of-Vehicles applications,” IEEE Internet Things J., vol. 8, no. 3, pp. 1687C1701, 2021.",,10.1109/jiot.2020.3015534,Modeling data redundancy and cost-aware task allocation in MEC-enabled Internet-of-Vehicles applications,no_match
19,"[19]P. Y. Chen, S. M. Cheng, and M. H. Sung, “Analysis of data dissemination and control in social Internet of Vehicles,” IEEE Internet Things J., vol. 5, no. 4, pp. 2467C2477, 2018.","P. Y. Chen, S. M. Cheng, and M. H. Sung, “Analysis of data dissemination and control in social Internet of Vehicles,” IEEE Internet Things J., vol. 5, no. 4, pp. 2467C2477, 2018.",,10.1109/jiot.2018.2846722,Analysis of data dissemination and control in social internet of vehicles,no_match
20,"[20]李荣昌,刘涛,郑海斌等.基于最大最小策略的纵向联邦学习隐私保护方法[J/OL].自动化学报,2024,1-16.","李荣昌,刘涛,郑海斌等.基于最大最小策略的纵向联邦学习隐私保护方法[J/OL].自动化学报,2024,1-16.",no result,,,
21,"[21] G. W. Xu, H. W. Li, S. Liu, K. Yang, and X. D. Lin, “VerifyNet: Secure and verifiable federated learning,” IEEE Trans. Inf. Forensics Security, vol.15, pp. 911C926, 2020."," G. W. Xu, H. W. Li, S. Liu, K. Yang, and X. D. Lin, “VerifyNet: Secure and verifiable federated learning,” IEEE Trans. Inf. Forensics Security, vol.15, pp. 911C926, 2020.",,10.1109/tifs.2019.2929409,Verifynet: Secure and verifiable federated learning,no_match
22,"[22]Y. Chen, F. Luo, T. Li, T. Xiang, Z. L. Liu, and J. Li, “A training-integrity privacy-preserving federated learning scheme with trusted execution environment,” Inf. Sci., vol. 522, pp. 69C79, 2020.","Y. Chen, F. Luo, T. Li, T. Xiang, Z. L. Liu, and J. Li, “A training-integrity privacy-preserving federated learning scheme with trusted execution environment,” Inf. Sci., vol. 522, pp. 69C79, 2020.",,10.1016/j.ins.2020.02.037,A training-integrity privacy-preserving federated learning scheme with trusted execution environment,match
23,"[23]W. B. Jiang, H. W. Li, S. Liu, X. Z. Luo, and R. X. Lu, “Poisoning and evasion attacks against deep learning algorithms in autonomous vehicles,” IEEE Trans. Veh. Technol., vol. 69, no. 4, pp. 4439C4449, 2020.","W. B. Jiang, H. W. Li, S. Liu, X. Z. Luo, and R. X. Lu, “Poisoning and evasion attacks against deep learning algorithms in autonomous vehicles,” IEEE Trans. Veh. Technol., vol. 69, no. 4, pp. 4439C4449, 2020.",,10.1109/tvt.2020.2977378,Poisoning and evasion attacks against deep learning algorithms in autonomous vehicles,match
24,"[24]Zhao P, Jiang H B, Wang C, et al. On the Performance of k-Anonymity Against Inference Attacks With Background Information[J]. IEEE Internet of Things Journal, 2019, 6(1): 808-819.","Zhao P, Jiang H B, Wang C, et al. On the Performance of k-Anonymity Against Inference Attacks With Background Information[J]. IEEE Internet of Things Journal, 2019, 6(1): 808-819.",no result,,,
25,"[25]Wang X, Zeng P, Patterson N, et al. An Improved Authentication Scheme for Internet of Vehicles Based on Blockchain Technology[J]. IEEE Access, 2019, 7: 45061-45072.","Wang X, Zeng P, Patterson N, et al. An Improved Authentication Scheme for Internet of Vehicles Based on Blockchain Technology[J]. IEEE Access, 2019, 7: 45061-45072.",,10.1109/access.2019.2909004,An improved authentication scheme for internet of vehicles based on blockchain technology,no_match
26,"[26]Li Congcong. Research on Secure Mechanism in Internet of Vehicles for Information Security Issues[D]., BeiJing ,China: BeiJing Jiao Tong University, 2019.","Li Congcong. Research on Secure Mechanism in Internet of Vehicles for Information Security Issues[D]., BeiJing ,China: BeiJing Jiao Tong University, 2019.",no result,,,
27,"[27]Yang Y D, Xie G Q, Wang J L, et al. Intrusion Detection for In-vehicle Network by Using Single GAN in Connected Vehicles[J]. Journal of circuits systems and computers, 2021, 30(1).","Yang Y D, Xie G Q, Wang J L, et al. Intrusion Detection for In-vehicle Network by Using Single GAN in Connected Vehicles[J]. Journal of circuits systems and computers, 2021, 30(1).",,10.1142/S021812662150122X,Stock turnover predictionusingsearch engine data,no_match
28,"{28}K.Lim, T. Islam, H. Kim, and J. Joung, “A sybil attack detection scheme based on ADAS sensors for vehicular networks,” in Proc. IEEE 17th Annu. Consum. Commun. Netw. Conf. (CCNC), Las Vegas, NV, USA, Sep.2020, pp. 1C5, doi: 10.1109/CCNC46108.2020.9045356.","K.Lim, T. Islam, H. Kim, and J. Joung, “A sybil attack detection scheme based on ADAS sensors for vehicular networks,” in Proc. IEEE 17th Annu. Consum. Commun. Netw. Conf. (CCNC), Las Vegas, NV, USA, Sep.2020, pp. 1C5, doi: 10.1109/CCNC46108.2020.9045356.",,10.1109/ccnc46108.2020.9045356,A Sybil attack detection scheme based on ADAS sensors for vehicular networks,no_match
29,"{29}Y. Y. Zhang, J. Shang, X. Chen, and K. Liang, “A self-learning detection method of sybil attack based on LSTM for electric vehicles,” Energies, vol. 13, no. 6, p. 1382, 2020, doi: 10.3390/en13061382.","Y. Y. Zhang, J. Shang, X. Chen, and K. Liang, “A self-learning detection method of sybil attack based on LSTM for electric vehicles,” Energies, vol. 13, no. 6, p. 1382, 2020, doi: 10.3390/en13061382.",,10.3390/en13061382,A self-learning detection method of Sybil attack based on LSTM for electric vehicles,no_match
30,"[28]Yu S, Lee J, Park K, et al. IoV-SMAP: Secure and Efficient Message Authentication Protocol for IoV in Smart City Environment[J]. IEEE Access, 2020, 8: 167875-167886.","Yu S, Lee J, Park K, et al. IoV-SMAP: Secure and Efficient Message Authentication Protocol for IoV in Smart City Environment[J]. IEEE Access, 2020, 8: 167875-167886.",,10.1109/access.2020.3022778,IoV-SMAP: Secure and efficient message authentication protocol for IoV in smart city environment,no_match
31,"[29]Chen C M, Xiang B, Liu Y N, et al. A Secure Authentication Protocol for Internet of Vehicles[J]. IEEE Access, 2019, 7: 12047-12057.","Chen C M, Xiang B, Liu Y N, et al. A Secure Authentication Protocol for Internet of Vehicles[J]. IEEE Access, 2019, 7: 12047-12057.",,10.1109/access.2019.2891105,A secure authentication protocol for internet of vehicles,no_match
32,"[30]Agrawal S, Das M L, Lopez J. Detection of Node Capture Attack in Wireless Sensor Networks[J]. IEEE Systems Journal, 2019, 13(1): 238-247.","Agrawal S, Das M L, Lopez J. Detection of Node Capture Attack in Wireless Sensor Networks[J]. IEEE Systems Journal, 2019, 13(1): 238-247.",no result,,,
33,"[31]Cherkaoui B, Beni-Hssane A, Erritali M. Variable control chart for detecting black hole attack in vehicular ad-hoc networks[J]. Journal of Ambient Intelligence and Humanized Computing, 2020, 11(11): 5129-5138.","Cherkaoui B, Beni-Hssane A, Erritali M. Variable control chart for detecting black hole attack in vehicular ad-hoc networks[J]. Journal of Ambient Intelligence and Humanized Computing, 2020, 11(11): 5129-5138.",,10.1007/s12652-020-01825-2,Variable control chart for detecting black hole attack in vehicular ad-hoc networks,match
34,"[32]Mousavinejad E, Yang F W, Han Q L, et al. Distributed Cyber Attacks Detection and Recovery Mechanism for Vehicle Platooning[J]. IEEE transactions on intelligent transportation systems, 2020, 21(9): 3821-3834.","Mousavinejad E, Yang F W, Han Q L, et al. Distributed Cyber Attacks Detection and Recovery Mechanism for Vehicle Platooning[J]. IEEE transactions on intelligent transportation systems, 2020, 21(9): 3821-3834.",,10.1109/tits.2019.2934481,Distributed cyber attacks detection and recovery mechanism for vehicle platooning,no_match
35,"[33]Javaid U, Aman M N, Sikdar B. A Scalable Protocol for Driving Trust Management in Internet of Vehicles With Blockchain[J]. IEEE Internet of Things Journal, 2020, 7(12): 11815-11829.","Javaid U, Aman M N, Sikdar B. A Scalable Protocol for Driving Trust Management in Internet of Vehicles With Blockchain[J]. IEEE Internet of Things Journal, 2020, 7(12): 11815-11829.",,,,
36,"[34]Ye Q, Meng X, Zhu M, Huo, Z. Research overview of local differential privacy[J]. Journal of Software, 2018, 29(7): 159-183.","Ye Q, Meng X, Zhu M, Huo, Z. Research overview of local differential privacy[J]. Journal of Software, 2018, 29(7): 159-183.",,,,
37,"[35]G. Guo and Q. Wang, “Fuel-efficient en route speed planning and tracking control of truck platoons,” IEEE Trans. Intell. Transp. Syst., vol. 20, no. 8, pp. 3091C3103, 2019.","G. Guo and Q. Wang, “Fuel-efficient en route speed planning and tracking control of truck platoons,” IEEE Trans. Intell. Transp. Syst., vol. 20, no. 8, pp. 3091C3103, 2019.",,,,
38,"[36]Y. L. Lu, X. H. Huang, K. Zhang, S. Maharjan, and Y. Zhang, “Blockchain empowered asynchronous federated learning for secure data sharing in Internet of Vehicles,” IEEE Trans. Veh. Technol., vol. 69, no. 4, pp. 4298C4311, 2020, doi: 10.1109/TVT.2020.2973651.","Y. L. Lu, X. H. Huang, K. Zhang, S. Maharjan, and Y. Zhang, “Blockchain empowered asynchronous federated learning for secure data sharing in Internet of Vehicles,” IEEE Trans. Veh. Technol., vol. 69, no. 4, pp. 4298C4311, 2020, doi: 10.1109/TVT.2020.2973651.",,,,
39,"[37]S. R. Pokhrel and J. Choi, “Federated learning with blockchain for autonomous vehicles: Analysis and design challenges,” IEEE Trans. Commun., vol. 68, no. 8, pp. 4734C4746, 2020, doi: 10.1109/TCOMM.2020.2990686.","S. R. Pokhrel and J. Choi, “Federated learning with blockchain for autonomous vehicles: Analysis and design challenges,” IEEE Trans. Commun., vol. 68, no. 8, pp. 4734C4746, 2020, doi: 10.1109/TCOMM.2020.2990686.",,,,
40,"[38]Y. H. Qi, M. S. Hossain, J. T. Nie, and X. D. Li, “Privacy-preserving blockchain-based federated learning for traffic flow prediction,” Future Gener. Comput. Syst., vol. 117, pp. 328C337, Apr. 2021, doi: 10.1016/j.future.2020.12.003.","Y. H. Qi, M. S. Hossain, J. T. Nie, and X. D. Li, “Privacy-preserving blockchain-based federated learning for traffic flow prediction,” Future Gener. Comput. Syst., vol. 117, pp. 328C337, Apr. 2021, doi: 10.1016/j.future.2020.12.003.",,,,
41,"[39]L. Y. Xiang, X. B. Shen, J. H. Qin, and W. Hao, “Discrete multi-graph hashing for large-scale visual search,” Neural Process. Lett., vol. 49, no. 3, pp. 1055C1069, 2019, doi: 10.1007/s11063-018-9892-7.","L. Y. Xiang, X. B. Shen, J. H. Qin, and W. Hao, “Discrete multi-graph hashing for large-scale visual search,” Neural Process. Lett., vol. 49, no. 3, pp. 1055C1069, 2019, doi: 10.1007/s11063-018-9892-7.",,,,
42,"[40]X. R. Zhang, M. G. Peng, S. Yan, and Y. H. Sun, “Deep-reinforcementlearning-based mode selection and resource allocation for cellular V2X communications,” IEEE Internet Things J., vol. 7, no. 7, pp. 6380C 6391, 2020, doi: 10.1109/JIOT.2019.2962715.","X. R. Zhang, M. G. Peng, S. Yan, and Y. H. Sun, “Deep-reinforcementlearning-based mode selection and resource allocation for cellular V2X communications,” IEEE Internet Things J., vol. 7, no. 7, pp. 6380C 6391, 2020, doi: 10.1109/JIOT.2019.2962715.",,,,
43,"[41]Y. L. Li, Z. J. Zhang, Z. Y. Zhang, and Y. C. Kao, “Secure federated learning with efficient communication in vehicle network,” J. Internet Technol., vol. 21, no. 7, pp. 2075C2084, 2020.","Y. L. Li, Z. J. Zhang, Z. Y. Zhang, and Y. C. Kao, “Secure federated learning with efficient communication in vehicle network,” J. Internet Technol., vol. 21, no. 7, pp. 2075C2084, 2020.",,,,
44,"[42]J. Cao, K. Zhang, F. Wu, and S. Leng, “Learning cooperation schemes for mobile edge computing empowered Internet of Vehicles,” in Proc.IEEE Wireless Commun. Netw. Conf. (WCNC), 2020, pp. 1C6, doi: 10.1109/WCNC45663.2020.9120493.","J. Cao, K. Zhang, F. Wu, and S. Leng, “Learning cooperation schemes for mobile edge computing empowered Internet of Vehicles,” in Proc.IEEE Wireless Commun. Netw. Conf. (WCNC), 2020, pp. 1C6, doi: 10.1109/WCNC45663.2020.9120493.",,,,
45,"[43]S. R. Pokhrel and J. Choi, “Improving TCP performance over WiFi for Internet of Vehicles: A federated learning approach,” IEEE Trans. Veh. Technol., vol. 69, no. 6, pp. 6798C6802, 2020, doi: 10.1109/TVT.2020.2984369.","S. R. Pokhrel and J. Choi, “Improving TCP performance over WiFi for Internet of Vehicles: A federated learning approach,” IEEE Trans. Veh. Technol., vol. 69, no. 6, pp. 6798C6802, 2020, doi: 10.1109/TVT.2020.2984369.",,,,
46,"[44]Xu Y, Ren J, Wang G J, et al. A Blockchain-Based Nonrepudiation Network Computing Service Scheme for Industrial IoT[J]. IEEE Transactions on Industrial Informatics, 2019, 15(6): 3632-3641.","Xu Y, Ren J, Wang G J, et al. A Blockchain-Based Nonrepudiation Network Computing Service Scheme for Industrial IoT[J]. IEEE Transactions on Industrial Informatics, 2019, 15(6): 3632-3641.",,,,
47,"[45] J. W. Kang et al, “Blockchain for secure and efficient data sharing in vehicular edge computing and networks,” IEEE Internet Things J., vol. 6, no. 3, pp. 4660C4670, 2019."," J. W. Kang et al, “Blockchain for secure and efficient data sharing in vehicular edge computing and networks,” IEEE Internet Things J., vol. 6, no. 3, pp. 4660C4670, 2019.",,,,
48,[46]BFLP: An Adaptive Federated Learning Framework for Internet of Vehicles,BFLP: An Adaptive Federated Learning Framework for Internet of Vehicles,,,,
49,"[47]Yang Yang,Lü Guanghong,Zhao Hui, et al. Survey on Deep Learning Applicatons in Software Defined Networking Research[J]. Journal of Software, 2020, 31(7): 2184-2204.","Yang Yang,Lü Guanghong,Zhao Hui, et al. Survey on Deep Learning Applicatons in Software Defined Networking Research[J]. Journal of Software, 2020, 31(7): 2184-2204.",,,,
50,"[48]Wang T, Cao Z H, Wang S, et al. Privacy-Enhanced Data Collection Based on Deep Learning for Internet of Vehicles[J]. IEEE Transactions on Industrial Informatics, 2020, 16(10): 6663-6672.","Wang T, Cao Z H, Wang S, et al. Privacy-Enhanced Data Collection Based on Deep Learning for Internet of Vehicles[J]. IEEE Transactions on Industrial Informatics, 2020, 16(10): 6663-6672.",,,,
51,"[49]Atallah R F, Assi C M, Khabbaz M J. Scheduling the Operation of a Connected Vehicular Network Using Deep Reinforcement Learning[J]. IEEE TRANSACTIONS ON INTELLIGENT TRANSPORTATION SYSTEMS, 2019, 20(5): 1669-1682.","Atallah R F, Assi C M, Khabbaz M J. Scheduling the Operation of a Connected Vehicular Network Using Deep Reinforcement Learning[J]. IEEE TRANSACTIONS ON INTELLIGENT TRANSPORTATION SYSTEMS, 2019, 20(5): 1669-1682.",,,,
52,"[50]Dang T, Peng M G. Joint Radio Communication, Caching, and Computing Design for Mobile Virtual Reality Delivery in Fog Radio Access Networks[J]. IEEE Journal on Selected Areas in Communications, 2019, 37(7): 1594-1607.","Dang T, Peng M G. Joint Radio Communication, Caching, and Computing Design for Mobile Virtual Reality Delivery in Fog Radio Access Networks[J]. IEEE Journal on Selected Areas in Communications, 2019, 37(7): 1594-1607.",,,,
53,"[51]Zhang K, Mao Y, Leng S, et al. Optimal delay constrained offloading for vehicular edge computing networks[A]. 2017 IEEE International Conference on Communications (ICC)[C]. Paris: IEEE, 2017: 1-6.","Zhang K, Mao Y, Leng S, et al. Optimal delay constrained offloading for vehicular edge computing networks[A]. 2017 IEEE International Conference on Communications (ICC)[C]. Paris: IEEE, 2017: 1-6.",,,,
54,"[52]Tran T X, Pompili D. Joint Task Offloading and Resource Allocation for Multi-Server Mobile-Edge Computing Networks[J]. IEEE Transactions on Vehicular Technology, 2019, 68(1): 856-868.","Tran T X, Pompili D. Joint Task Offloading and Resource Allocation for Multi-Server Mobile-Edge Computing Networks[J]. IEEE Transactions on Vehicular Technology, 2019, 68(1): 856-868.",,,,
55,[53],,,,,
56,[54],,,,,
57,[55],,,,,
58,[56],,,,,
59,"[57]Seide F, Fu H, Droppo J, et al. 1-bit stochastic gradient descent and its application to data-parallel distributed training of speech DNNs[C]. Interspeech 2014. ISCA, 2014: 1058C1062.","Seide F, Fu H, Droppo J, et al. 1-bit stochastic gradient descent and its application to data-parallel distributed training of speech DNNs[C]. Interspeech 2014. ISCA, 2014: 1058C1062.",,,,
60,"[58]Dettmers T. 8-Bit Approximations for Parallelism in Deep Learning[J]. arXiv, 2015.","Dettmers T. 8-Bit Approximations for Parallelism in Deep Learning[J]. arXiv, 2015.",,,,
61,"[59]Bernstein J, Wang Y-X, Azizzadenesheli K, et al. signSGD: Compressed Optimisation for Non-Convex Problems[J]. arXiv, 2018.","Bernstein J, Wang Y-X, Azizzadenesheli K, et al. signSGD: Compressed Optimisation for Non-Convex Problems[J]. arXiv, 2018.",,,,
62,"[60]Alistarh D, Grubic D, Li J, et al. QSGD: Communication-Efficient SGD via Gradient Quantization and Encoding[J]. arXiv, 2016.","Alistarh D, Grubic D, Li J, et al. QSGD: Communication-Efficient SGD via Gradient Quantization and Encoding[J]. arXiv, 2016.",,,,
63,"[61]Kim J, Yoo K, Kwak N. Position-based Scaled Gradient for Model Quantization and Pruning[C]. Advances in Neural Information Processing Systems.Curran Associates, Inc., 2020, 33: 20415C20426.","Kim J, Yoo K, Kwak N. Position-based Scaled Gradient for Model Quantization and Pruning[C]. Advances in Neural Information Processing Systems.Curran Associates, Inc., 2020, 33: 20415C20426.",,,,
64,"[62] SUN J, CHEN T, GIANNAKIS G B, 等 . Lazily Aggregated Quantized Gradient Innovation for Communication-Efficient Federated Learning[J/OL]. IEEE Transactions on Pattern Analysis and Machine Intelligence, 2022, 44(4): 2031-2044."," SUN J, CHEN T, GIANNAKIS G B, 等 . Lazily Aggregated Quantized Gradient Innovation for Communication-Efficient Federated Learning[J/OL]. IEEE Transactions on Pattern Analysis and Machine Intelligence, 2022, 44(4): 2031-2044.",,,,
65,"[63]KATHARIYA B, LI Z, CHEN J, 等. Gradient Compression with a Variational Coding Scheme for Federated Learning[C/OL]//2021 International Conference on Visual Communications and Image Processing (VCIP). Munich, Germany: IEEE, 2021: 1-5.","KATHARIYA B, LI Z, CHEN J, 等. Gradient Compression with a Variational Coding Scheme for Federated Learning[C/OL]//2021 International Conference on Visual Communications and Image Processing (VCIP). Munich, Germany: IEEE, 2021: 1-5.",,,,
66,"[64]YU E, DONG D, XU Y, 等. CP-SGD: Distributed stochastic gradient descent with compression and periodic compensation[J/OL]. Journal of Parallel and Distributed Computing, 2022, 169: 42-57.","YU E, DONG D, XU Y, 等. CP-SGD: Distributed stochastic gradient descent with compression and periodic compensation[J/OL]. Journal of Parallel and Distributed Computing, 2022, 169: 42-57.",,,,
67,"[65]YANG C, XIAO D, CAO B, 等. RTGA: Robust ternary gradients aggregation for federated learning[J/OL]. Information Sciences, 2022, 616: 427-443.","YANG C, XIAO D, CAO B, 等. RTGA: Robust ternary gradients aggregation for federated learning[J/OL]. Information Sciences, 2022, 616: 427-443.",,,,
68,"[66]LIANG K, ZHONG H, CHEN H, 等. Wyner-Ziv Gradient Compression for Federated Learning[M/OL]. arXiv, 2021","LIANG K, ZHONG H, CHEN H, 等. Wyner-Ziv Gradient Compression for Federated Learning[M/OL]. arXiv, 2021",,,,
69,"[67] SUN H, SHAO Y, JIANG J, 等. Sparse Gradient Compression for Distributed SGD[M/OL]//LI G, YANG J, GAMA J, 等. Database Systems for Advanced Applications: 卷 11447. Cham: Springer International Publishing, 2019: 139-155"," SUN H, SHAO Y, JIANG J, 等. Sparse Gradient Compression for Distributed SGD[M/OL]//LI G, YANG J, GAMA J, 等. Database Systems for Advanced Applications: 卷 11447. Cham: Springer International Publishing, 2019: 139-155",,,,
70,"[68]LIN Y, HAN S, MAO H, 等. Deep Gradient Compression: Reducing the Communication Bandwidth for Distributed Training[M/OL]. arXiv, 2020","LIN Y, HAN S, MAO H, 等. Deep Gradient Compression: Reducing the Communication Bandwidth for Distributed Training[M/OL]. arXiv, 2020",,,,
71,"[69]WANG A, ZHAO Y, YANG L, 等. Heterogeneous Defect Prediction Algorithm Combined With Federated Sparse Compression[J/OL]. IEEE Access, 2023, 11: 23739-23753.","WANG A, ZHAO Y, YANG L, 等. Heterogeneous Defect Prediction Algorithm Combined With Federated Sparse Compression[J/OL]. IEEE Access, 2023, 11: 23739-23753.",,,,
72,"[70]KUANG D, CHEN M, XIAO D, 等 . Entropy-Based Gradient Compression for Distributed Deep Learning[C/OL]//2019 IEEE 21st International Conference on High Performance Computing and Communications; IEEE 17th International Conference on Smart City.","KUANG D, CHEN M, XIAO D, 等 . Entropy-Based Gradient Compression for Distributed Deep Learning[C/OL]//2019 IEEE 21st International Conference on High Performance Computing and Communications; IEEE 17th International Conference on Smart City.",,,,
73,"[71]HADDADPOUR F, KARIMI B, LI P, 等. FedSKETCH: Communication-Efficient and Private Federated Learning via Sketching[M/OL].","HADDADPOUR F, KARIMI B, LI P, 等. FedSKETCH: Communication-Efficient and Private Federated Learning via Sketching[M/OL].",,,,
74,[72]KLEINBERG J. Bursty and Hierarchical Structure in Streams.,KLEINBERG J. Bursty and Hierarchical Structure in Streams.,,,,
75,[73]Stich 等 - 2018 - Sparsified SGD with Memory.pdf[Z],Stich 等 - 2018 - Sparsified SGD with Memory.pdf[Z],,,,
76,"[74] F. Bai, D. D. Stancil, and H. Krishnan, “Toward understanding characteristics of dedicated short range communications (DSRC) from a perspective of vehicular network engineers,” in Proceedings of the sixteenth annual international conference on Mobile computing and networking, Chicago Illinois USA: ACM, Sep. 2010, pp. 329C340."," F. Bai, D. D. Stancil, and H. Krishnan, “Toward understanding characteristics of dedicated short range communications (DSRC) from a perspective of vehicular network engineers,” in Proceedings of the sixteenth annual international conference on Mobile computing and networking, Chicago Illinois USA: ACM, Sep. 2010, pp. 329C340.",,,,
77,"[75]SATTLER F, WIEDEMANN S, MULLER K R, 等. Robust and Communication-Efficient Federated Learning From Non-i.i.d. Data[J/OL]. IEEE Transactions on Neural Networks and Learning Systems, 2020, 31(9): 3400-3413.","SATTLER F, WIEDEMANN S, MULLER K R, 等. Robust and Communication-Efficient Federated Learning From Non-i.i.d. Data[J/OL]. IEEE Transactions on Neural Networks and Learning Systems, 2020, 31(9): 3400-3413.",,,,
78,"[76]ALBASYONI A, SAFARYAN M, CONDAT L, 等. Optimal Gradient Compression for Distributed and Federated Learning[M/OL]","ALBASYONI A, SAFARYAN M, CONDAT L, 等. Optimal Gradient Compression for Distributed and Federated Learning[M/OL]",,,,
79,"[77]ABRAHAMYAN L, CHEN Y, BEKOULIS G, 等. Learned Gradient Compression for Distributed Deep Learning[M/OL]. arXiv, 2021.","ABRAHAMYAN L, CHEN Y, BEKOULIS G, 等. Learned Gradient Compression for Distributed Deep Learning[M/OL]. arXiv, 2021.",,,,
80,"[78]AHN J H, BENNIS M, KANG J. Model Compression via Pattern Shared Sparsification in Analog Federated Learning Under Communication Constraints[J/OL]. IEEE Transactions on Green Communications and Networking, 2023, 7(1): 298-312.","AHN J H, BENNIS M, KANG J. Model Compression via Pattern Shared Sparsification in Analog Federated Learning Under Communication Constraints[J/OL]. IEEE Transactions on Green Communications and Networking, 2023, 7(1): 298-312.",,,,
81,"[79]WANGNI J, WANG J, LIU J, 等 . Gradient Sparsification for Communication-Efficient Distributed Optimization[J].","WANGNI J, WANG J, LIU J, 等 . Gradient Sparsification for Communication-Efficient Distributed Optimization[J].",,,,
82,"[80]ALISTARH D, HOEFLER T, JOHANSSON M, 等. The Convergence of Sparsified Gradient Methods[M/OL]. arXiv, 2018.","ALISTARH D, HOEFLER T, JOHANSSON M, 等. The Convergence of Sparsified Gradient Methods[M/OL]. arXiv, 2018.",,,,
83,"[81]SATTLER F, WIEDEMANN S, MULLER K R, 等. Robust and Communication-Efficient Federated Learning From Non-i.i.d. Data[J/OL]. IEEE Transactions on Neural Networks and Learning Systems, 2020, 31(9): 3400-3413. DOI:10.1109/TNNLS.2019.2944481.","SATTLER F, WIEDEMANN S, MULLER K R, 等. Robust and Communication-Efficient Federated Learning From Non-i.i.d. Data[J/OL]. IEEE Transactions on Neural Networks and Learning Systems, 2020, 31(9): 3400-3413. DOI:10.1109/TNNLS.2019.2944481.",,,,
84,"[82]ALBASYONI A, SAFARYAN M, CONDAT L, 等. Optimal Gradient Compression for Distributed and Federated Learning[M/OL]. arXiv, 2020[2023-09-28]. http://arxiv.org/abs/2010.03246.","ALBASYONI A, SAFARYAN M, CONDAT L, 等. Optimal Gradient Compression for Distributed and Federated Learning[M/OL]. arXiv, 2020[2023-09-28]. http://arxiv.org/abs/2010.03246.",,,,
85,"[83]ABRAHAMYAN L, CHEN Y, BEKOULIS G, 等. Learned Gradient Compression for Distributed Deep Learning[M/OL]. arXiv, 2021[2023-09-28]. http://arxiv.org/abs/2103.08870.","ABRAHAMYAN L, CHEN Y, BEKOULIS G, 等. Learned Gradient Compression for Distributed Deep Learning[M/OL]. arXiv, 2021[2023-09-28]. http://arxiv.org/abs/2103.08870.",,,,
86,"[84]AJI A F, HEAFIELD K. Sparse Communication for Distributed Gradient Descent[C/OL]//Proceedings of the 2017 Conference on Empirical Methods in Natural           Language Processing. 2017: 440-445[2023-09-28]. http://arxiv.org/abs/1704.05021. DOI:10.18653/v1/D17-1045.","AJI A F, HEAFIELD K. Sparse Communication for Distributed Gradient Descent[C/OL]//Proceedings of the 2017 Conference on Empirical Methods in Natural           Language Processing. 2017: 440-445[2023-09-28]. http://arxiv.org/abs/1704.05021. DOI:10.18653/v1/D17-1045.",,,,
87,"[85]LI P, HUANG X, PAN M, 等. FedGreen: Federated Learning with Fine-Grained Gradient Compression for Green Mobile Edge Computing[M/OL]. arXiv, 2021[2023-09-28]. http://arxiv.org/abs/2111.06146.","LI P, HUANG X, PAN M, 等. FedGreen: Federated Learning with Fine-Grained Gradient Compression for Green Mobile Edge Computing[M/OL]. arXiv, 2021[2023-09-28]. http://arxiv.org/abs/2111.06146.",,,,
88,"[86]AHN J H, BENNIS M, KANG J. Model Compression via Pattern Shared Sparsification in Analog Federated Learning Under Communication Constraints[J/OL]. IEEE Transactions on Green Communications and Networking, 2023, 7(1): 298-312. DOI:10.1109/TGCN.2022.3186538.","AHN J H, BENNIS M, KANG J. Model Compression via Pattern Shared Sparsification in Analog Federated Learning Under Communication Constraints[J/OL]. IEEE Transactions on Green Communications and Networking, 2023, 7(1): 298-312. DOI:10.1109/TGCN.2022.3186538.",,,,
89,[87],,,,,
90,"[88]张雪晴，刘延伟，刘金霞，韩言妮. 面向边缘智能的联邦学习综述 [J]. 计算机研究与发展, 2023, (): 624-653.","张雪晴，刘延伟，刘金霞，韩言妮. 面向边缘智能的联邦学习综述 [J]. 计算机研究与发展, 2023, (): 624-653.",,,,
91,"[89]Hinton G, Vinyals O, Dean J. Distilling the knowledge in a neural network[C]. Proceedings of the Advances in Neural Information Processing Systems, Deep Learning Workshop, 2015.","Hinton G, Vinyals O, Dean J. Distilling the knowledge in a neural network[C]. Proceedings of the Advances in Neural Information Processing Systems, Deep Learning Workshop, 2015.",,,,
92,"[90]Jeong E, Oh S, Kim H, et al. Communication-efficient on-device machine learning: federated distillation and augmentation under non-iid private data[C]. Proceedings of the Advances in Neural Information Processing Systems, the Second Workshop on Machine Learning on the Phone and other Consumer Devices, 2018.","Jeong E, Oh S, Kim H, et al. Communication-efficient on-device machine learning: federated distillation and augmentation under non-iid private data[C]. Proceedings of the Advances in Neural Information Processing Systems, the Second Workshop on Machine Learning on the Phone and other Consumer Devices, 2018.",,,,
93,"[91]Li D, Wang J. Fedmd: heterogenous federated learning via model distillation[C]. Proceedings of the Conference on Neural Information Processing Systems, 2019.","Li D, Wang J. Fedmd: heterogenous federated learning via model distillation[C]. Proceedings of the Conference on Neural Information Processing Systems, 2019.",,,,
94,"[92]Gong X, Sharma A, Karanam S, et al. Ensemble attention distillation for privacy-preserving federated learning[C]. Proceedings of the IEEE/CVF International Conference on Computer Vision, 2021: 15076-15086.","Gong X, Sharma A, Karanam S, et al. Ensemble attention distillation for privacy-preserving federated learning[C]. Proceedings of the IEEE/CVF International Conference on Computer Vision, 2021: 15076-15086.",,,,
95,"[93]Li Q, He B, Song D. Model-contrastive federated learning[C]. Proceedings of the IEEE/CVF Conference on Computer Vision and Pattern Recognition, 2021: 10713-10722.","Li Q, He B, Song D. Model-contrastive federated learning[C]. Proceedings of the IEEE/CVF Conference on Computer Vision and Pattern Recognition, 2021: 10713-10722.",,,,
96,"[94]Han S, Park S, Wu F, et al. Fedx: unsupervised federated learning with cross knowledge distillation[C]. Proceedings of the European Conference on Computer Vision, 2022: 691-707.","Han S, Park S, Wu F, et al. Fedx: unsupervised federated learning with cross knowledge distillation[C]. Proceedings of the European Conference on Computer Vision, 2022: 691-707.",,,,
97,"[95]McMahan B, Moore E, Ramage D, et al. Communication-efficient learning of deep networks from decentralized data[C]. Proceedings of the International Conference on Artificial Intelligence and Statistics, 2017: 1273-1282.","McMahan B, Moore E, Ramage D, et al. Communication-efficient learning of deep networks from decentralized data[C]. Proceedings of the International Conference on Artificial Intelligence and Statistics, 2017: 1273-1282.",,,,
98,"[96]Zhang L, Shen L, Ding L, et al. Fine-tuning global model via data-free knowledge distillation for non-iid federated learning[C]. Proceedings of the IEEE/CVF Conference on Computer Vision and Pattern Recognition, 2022: 10174-10183.","Zhang L, Shen L, Ding L, et al. Fine-tuning global model via data-free knowledge distillation for non-iid federated learning[C]. Proceedings of the IEEE/CVF Conference on Computer Vision and Pattern Recognition, 2022: 10174-10183.",,,,
99,"[97]Zhu Z, Hong J, Zhou J. Data-free knowledge distillation for heterogeneous federated learning[C]. Proceedings of the International Conference on Machine Learning, 2021: 12878-12889.","Zhu Z, Hong J, Zhou J. Data-free knowledge distillation for heterogeneous federated learning[C]. Proceedings of the International Conference on Machine Learning, 2021: 12878-12889.",,,,
100,"[98]L. Xing, P. Zhao, J. Gao, H. Wu, and H. Ma, “A Survey of the Social Internet of Vehicles: Secure Data Issues, Solutions, and Federated Learning,” IEEE Intelligent Transportation Systems Magazine, vol. 15, no. 2, pp. 70C 84, Mar. 2023.","L. Xing, P. Zhao, J. Gao, H. Wu, and H. Ma, “A Survey of the Social Internet of Vehicles: Secure Data Issues, Solutions, and Federated Learning,” IEEE Intelligent Transportation Systems Magazine, vol. 15, no. 2, pp. 70C 84, Mar. 2023.",,,,
101,"[99]M. Nitti, R. Girau, A. Floris, and L. Atzori. On adding the social dimension to the internet of vehicles: Friendship and middleware. In Communications and Networking (BlackSeaCom), 2014 IEEE International Black Sea Conference on, pages 134C138, May 2014.","M. Nitti, R. Girau, A. Floris, and L. Atzori. On adding the social dimension to the internet of vehicles: Friendship and middleware. In Communications and Networking (BlackSeaCom), 2014 IEEE International Black Sea Conference on, pages 134C138, May 2014.",,,,
102,"[100]L. Li-ting, W. Xiao-min, W. Yu, and Z. Wen-fang, “Secure and efficient authentication and key agreement protocol using certificateless aggregate signature for cloud service oriented VANET,” Acta Electonica Sinica, vol. 48, no. 9, pp. 1814C1823, 2020.","L. Li-ting, W. Xiao-min, W. Yu, and Z. Wen-fang, “Secure and efficient authentication and key agreement protocol using certificateless aggregate signature for cloud service oriented VANET,” Acta Electonica Sinica, vol. 48, no. 9, pp. 1814C1823, 2020.",,,,
103,"[101]Y. Lin, S. Yan, Y. Zhang, C. Li, and F. Shu, “Flow-of-traffic prediction program based mobile edge computing for Internet of Vehicles using double auction,” Tongxin Xuebao/J. Commun., vol. 41, no. 12, pp. 205C 214, 2020.","Y. Lin, S. Yan, Y. Zhang, C. Li, and F. Shu, “Flow-of-traffic prediction program based mobile edge computing for Internet of Vehicles using double auction,” Tongxin Xuebao/J. Commun., vol. 41, no. 12, pp. 205C 214, 2020.",,,,
104,"[102]S. Ghane, A. Jolfaei, L. Kulik, K. Ramamohanarao, and D. Puthal, “Preserving privacy in the internet of connected vehicles,” IEEE Trans Intell. Transp. Syst., vol. 22, no. 8, pp. 5018C5027, 2021.","S. Ghane, A. Jolfaei, L. Kulik, K. Ramamohanarao, and D. Puthal, “Preserving privacy in the internet of connected vehicles,” IEEE Trans Intell. Transp. Syst., vol. 22, no. 8, pp. 5018C5027, 2021.",,,,
105,"[103]L. Li-ting, W. Xiao-min, W. Yu, and Z. Wen-fang, “Secure and efficient authentication and key agreement protocol using certificateless aggregate signature for cloud service oriented VANET,” Acta Electonica Sinica, vol.48, no. 9, pp. 1814C1823, 2020.","L. Li-ting, W. Xiao-min, W. Yu, and Z. Wen-fang, “Secure and efficient authentication and key agreement protocol using certificateless aggregate signature for cloud service oriented VANET,” Acta Electonica Sinica, vol.48, no. 9, pp. 1814C1823, 2020.",,,,
106,"[104]Y. Lin, S. Yan, Y. Zhang, C. Li, and F. Shu, “Flow-of-traffic prediction program based mobile edge computing for Internet of Vehicles using double auction,” Tongxin Xuebao/J. Commun., vol. 41, no. 12, pp. 205C 214, 2020.","Y. Lin, S. Yan, Y. Zhang, C. Li, and F. Shu, “Flow-of-traffic prediction program based mobile edge computing for Internet of Vehicles using double auction,” Tongxin Xuebao/J. Commun., vol. 41, no. 12, pp. 205C 214, 2020.",,,,
107,"[105]刘冰艺,吴黎兵,贾东耀,等. 基于移动云服务的车联网数据上传策略. 计算机研究与发展, 2016, 53(4): 811-823.","刘冰艺,吴黎兵,贾东耀,等. 基于移动云服务的车联网数据上传策略. 计算机研究与发展, 2016, 53(4): 811-823.",,,,
108,"[106]王春东,罗婉薇,莫秀良,等.车联网互信认证与安全通信综述.计算机科学, 2020, 47(11): 1-9.","王春东,罗婉薇,莫秀良,等.车联网互信认证与安全通信综述.计算机科学, 2020, 47(11): 1-9.",,,,
109,"[107]李方伟,张海波,王子心. 车联网中基于MEC的V2X协同缓存和资源分配.通信学报, 2021, 42(2): 26-36.","李方伟,张海波,王子心. 车联网中基于MEC的V2X协同缓存和资源分配.通信学报, 2021, 42(2): 26-36.",,,,
110,"[108]X. L. Xu, Q. Wu, L. Y. Qi, W. C. Dou, S. B. Tsai, and M. Z. A. Bhuiyan, “Trust-aware service offloading for video surveillance in edge computing enabled Internet of Vehicles,” IEEE Trans. Intell. Transp. Syst., vol. 22, no. 3, pp. 1787C1796, 2021.","X. L. Xu, Q. Wu, L. Y. Qi, W. C. Dou, S. B. Tsai, and M. Z. A. Bhuiyan, “Trust-aware service offloading for video surveillance in edge computing enabled Internet of Vehicles,” IEEE Trans. Intell. Transp. Syst., vol. 22, no. 3, pp. 1787C1796, 2021.",,,,
111,"[109] J. Guo, Y. Z. Liu, S. Li, Z. Li, and S. Kherbachi, “Game-oriented security strategy against hotspot attacks for Internet of Vehicles,” Comput. Mater. Continua, vol. 68, no. 2, pp. 2145C2157, 2021."," J. Guo, Y. Z. Liu, S. Li, Z. Li, and S. Kherbachi, “Game-oriented security strategy against hotspot attacks for Internet of Vehicles,” Comput. Mater. Continua, vol. 68, no. 2, pp. 2145C2157, 2021.",,,,
112,"[110]M. P. Pitchai, M. Ramachandran, F. Al-Turjman, and L. Mostarda, “Intelligent framework for secure transportation systems using softwaredefined-Internet of Vehicles,” Comput. Mater. Continua, vol. 68, no. 3, pp. 3947C3966, 2021.","M. P. Pitchai, M. Ramachandran, F. Al-Turjman, and L. Mostarda, “Intelligent framework for secure transportation systems using softwaredefined-Internet of Vehicles,” Comput. Mater. Continua, vol. 68, no. 3, pp. 3947C3966, 2021.",,,,
113,"[111]石建军,汪旭,付玉. 基于车联网的车辆纵向碰撞分级预警研究. 重庆交通大学学报(自然科学版), 2020, 39(9): 1-7.","石建军,汪旭,付玉. 基于车联网的车辆纵向碰撞分级预警研究. 重庆交通大学学报(自然科学版), 2020, 39(9): 1-7.",,,,
114,"[112]Hong S, Kim K, Kim T. The Design and Implementation of Simulated Threat Generator based on MITRE ATT&CK for Cyber Warfare Training. Journal of the Korea Institute of Military Science and Technology, 2019, 22(6): 797-805.","Hong S, Kim K, Kim T. The Design and Implementation of Simulated Threat Generator based on MITRE ATT&CK for Cyber Warfare Training. Journal of the Korea Institute of Military Science and Technology, 2019, 22(6): 797-805.",,,,
115,"[113]Truex S, Baracaldo N, Anwar A, et al. A Hybrid Approach to Privacy-Preserving Federated Learning. Proceedings of the 12th ACM Workshop on Artificial Intelligence and Security. London: ACM, 2019: 1C11.","Truex S, Baracaldo N, Anwar A, et al. A Hybrid Approach to Privacy-Preserving Federated Learning. Proceedings of the 12th ACM Workshop on Artificial Intelligence and Security. London: ACM, 2019: 1C11.",,,,
116,"[114]Xu G W, Li H W, Liu S, et al. VerifyNet: Secure and Verifiable Federated Learning. IEEE Transactions on Information Forensics and Security, 2020, 15: 911-926.","Xu G W, Li H W, Liu S, et al. VerifyNet: Secure and Verifiable Federated Learning. IEEE Transactions on Information Forensics and Security, 2020, 15: 911-926.",,,,
117,"[115]Al-Shaer R, Spring J M, Christou E. Learning the Associations of MITRE ATT & CK Adversarial Techniques[A]. 2020 IEEE Conference on Communications and Network Security (CNS). Avignon: IEEE, 2020: 1-9.","Al-Shaer R, Spring J M, Christou E. Learning the Associations of MITRE ATT & CK Adversarial Techniques[A]. 2020 IEEE Conference on Communications and Network Security (CNS). Avignon: IEEE, 2020: 1-9.",,,,
118,"[116]微众银行 FedAI 实验室. 联邦学习白皮书 v 2.0[M]. , 2020.","微众银行 FedAI 实验室. 联邦学习白皮书 v 2.0[M]. , 2020.",,,,
119,"[117] Zhang C, Xie Y, Bai H, et al. A survey on federated learning. Knowledge-Based Systems, 2021, 216: 106775."," Zhang C, Xie Y, Bai H, et al. A survey on federated learning. Knowledge-Based Systems, 2021, 216: 106775.",,,,
120,"[118]Khaled A, Jin C. Faster federated optimization under second-order similarity[C]. Proceedings of the International Conference on Learning Representations, 2022.","Khaled A, Jin C. Faster federated optimization under second-order similarity[C]. Proceedings of the International Conference on Learning Representations, 2022.",,,,
121,"[119]Khan L U, Saad W, Han Z, et al. Federated learning for internet of things: tecent advances, taxonomy, and open challenges[J]. IEEE Communications Surveys & Tutorials, 2021, 23(3):1759-1799.","Khan L U, Saad W, Han Z, et al. Federated learning for internet of things: tecent advances, taxonomy, and open challenges[J]. IEEE Communications Surveys & Tutorials, 2021, 23(3):1759-1799.",,,,
122,"[120]余锋,林庆新,林晖等.基于生成对抗网络的隐私增强联邦学习方案[J].网络与信息安全学报,2023,9(03):113-122.","余锋,林庆新,林晖等.基于生成对抗网络的隐私增强联邦学习方案[J].网络与信息安全学报,2023,9(03):113-122.",,,,
123,"[121]孙慧中. 面向逻辑回归的隐私保护的纵向联邦学习算法及其应用研究[D].北京邮电大学,2022.","孙慧中. 面向逻辑回归的隐私保护的纵向联邦学习算法及其应用研究[D].北京邮电大学,2022.",,,,
124,"[122]K. Deng, L. Xing, M. Zhang et al., “A Multiuser Identification Algorithm Based on Internet of Things,” Wireless Communications & Mobile Computing, 2019, pp. 1-11, 2019.","K. Deng, L. Xing, M. Zhang et al., “A Multiuser Identification Algorithm Based on Internet of Things,” Wireless Communications & Mobile Computing, 2019, pp. 1-11, 2019.",,,,
125,"[123]W. Zhou, L. Xing, J. Xia et al., “Dynamic Computation Offloading for MIMO Mobile Edge Computing Systems With Energy Harvesting,” IEEE Transactions on Vehicular Technology, vol. 70, no. 5, pp. 5172-5177, May, 2021.","W. Zhou, L. Xing, J. Xia et al., “Dynamic Computation Offloading for MIMO Mobile Edge Computing Systems With Energy Harvesting,” IEEE Transactions on Vehicular Technology, vol. 70, no. 5, pp. 5172-5177, May, 2021.",,,,
126,"[124]J. Kang, R. Yu, X. Huang et al., “Blockchain for Secure and Efficient Data Sharing in Vehicular Edge Computing and Networks,” IEEE Internet of Things Journal, vol. 6, no. 3, pp. 4660-4670, Jun, 2019.","J. Kang, R. Yu, X. Huang et al., “Blockchain for Secure and Efficient Data Sharing in Vehicular Edge Computing and Networks,” IEEE Internet of Things Journal, vol. 6, no. 3, pp. 4660-4670, Jun, 2019.",,,,
127,"[125]T. Wang, Z. Cao, S. Wang et al., “Privacy-Enhanced Data Collection Based on Deep Learning for Internet of Vehicles,” IEEE Transactions on Industrial Informatics, vol. 16, no. 10, pp. 6663-6672, Oct., 2020.","T. Wang, Z. Cao, S. Wang et al., “Privacy-Enhanced Data Collection Based on Deep Learning for Internet of Vehicles,” IEEE Transactions on Industrial Informatics, vol. 16, no. 10, pp. 6663-6672, Oct., 2020.",,,,
128,"[126]X. Zhang, M. Peng, S. Yan et al., “Deep-Reinforcement-Learning-Based Mode Selection and Resource Allocation for Cellular V2X Communications,” IEEE Internet of Things Journal, vol. 7, no. 7, pp. 6380-6391, Jul, 2020.","X. Zhang, M. Peng, S. Yan et al., “Deep-Reinforcement-Learning-Based Mode Selection and Resource Allocation for Cellular V2X Communications,” IEEE Internet of Things Journal, vol. 7, no. 7, pp. 6380-6391, Jul, 2020.",,,,
129,"[127]Y. Lu, X. Huang, K. Zhang et al., “Blockchain Empowered Asynchronous Federated Learning for Secure Data Sharing in Internet of Vehicles,” IEEE Transactions on Vehicular Technology, vol. 69, no. 4, pp. 4298-4311, Apr, 2020.","Y. Lu, X. Huang, K. Zhang et al., “Blockchain Empowered Asynchronous Federated Learning for Secure Data Sharing in Internet of Vehicles,” IEEE Transactions on Vehicular Technology, vol. 69, no. 4, pp. 4298-4311, Apr, 2020.",,,,
130,"[128]S. R. Pokhrel, and J. Choi, “Federated Learning With Blockchain for Autonomous Vehicles: Analysis and Design Challenges,” IEEE Transactions on Communications, vol. 68, no. 8, pp. 4734-4746, Aug, 2020.","S. R. Pokhrel, and J. Choi, “Federated Learning With Blockchain for Autonomous Vehicles: Analysis and Design Challenges,” IEEE Transactions on Communications, vol. 68, no. 8, pp. 4734-4746, Aug, 2020.",,,,
131,"[129]Y. Qi, M. S. Hossain, J. Nie et al., “Privacy-preserving blockchain-based federated learning for traffic flow prediction,” Future Generation Computer Systems-the International Journal of Escience, vol. 117, pp. 328-337, Apr, 2021.","Y. Qi, M. S. Hossain, J. Nie et al., “Privacy-preserving blockchain-based federated learning for traffic flow prediction,” Future Generation Computer Systems-the International Journal of Escience, vol. 117, pp. 328-337, Apr, 2021.",,,,
132,"[130]Y. Li, Z. Zhang, Z. Zhang et al., “Secure Federated Learning with Efficient Communication in Vehicle Network,” Journal of Internet Technology, vol. 21, no. 7, pp. 2075-2084, 2020.","Y. Li, Z. Zhang, Z. Zhang et al., “Secure Federated Learning with Efficient Communication in Vehicle Network,” Journal of Internet Technology, vol. 21, no. 7, pp. 2075-2084, 2020.",,,,
133,"[131]J. Cao, K. Zhang, F. Wu et al., ""Learning Cooperation Schemes for Mobile Edge Computing Empowered Internet of Vehicles,"" IEEE Wireless Communications and Networking Conference, 2020.","J. Cao, K. Zhang, F. Wu et al., ""Learning Cooperation Schemes for Mobile Edge Computing Empowered Internet of Vehicles,"" IEEE Wireless Communications and Networking Conference, 2020.",,,,
134,"[132]S. R. Pokhrel, and J. Choi, “Improving TCP Performance Over WiFi for Internet of Vehicles: A Federated Learning Approach,” IEEE Transactions on Vehicular Technology, vol. 69, no. 6, pp. 6798-6802, Jun, 2020.","S. R. Pokhrel, and J. Choi, “Improving TCP Performance Over WiFi for Internet of Vehicles: A Federated Learning Approach,” IEEE Transactions on Vehicular Technology, vol. 69, no. 6, pp. 6798-6802, Jun, 2020.",,,,
135,"[133]D. He, S. Zeadally, B. Xu et al., “An Efficient Identity-Based Conditional Privacy-Preserving Authentication Scheme for Vehicular Ad Hoc Networks,” IEEE Transactions on Information Forensics and Security, vol. 10, no. 12, pp. 2681-2691, Dec, 2015.","D. He, S. Zeadally, B. Xu et al., “An Efficient Identity-Based Conditional Privacy-Preserving Authentication Scheme for Vehicular Ad Hoc Networks,” IEEE Transactions on Information Forensics and Security, vol. 10, no. 12, pp. 2681-2691, Dec, 2015.",,,,
136,"[134]D. Genkin, L. Pachmanov, I. Pipman, E. Tromer, and Y. Y arom, “ECDSA key extraction from mobile devices via nonintrusive physicalside channels,” in Proc. ACM SIGSAC Conf. Comput. Commun. Secur. pp. 1626C1638, Oct. 2016.","D. Genkin, L. Pachmanov, I. Pipman, E. Tromer, and Y. Y arom, “ECDSA key extraction from mobile devices via nonintrusive physicalside channels,” in Proc. ACM SIGSAC Conf. Comput. Commun. Secur. pp. 1626C1638, Oct. 2016.",,,,
137,"[135]Y. Jiang, M. Shi, X. Shen et al., “BAT: A Robust Signature Scheme for Vehicular Networks Using Binary Authentication Tree,” IEEE Transactions on Wireless Communications, vol. 8, no. 4, pp. 1974-1983, Apr, 2009.","Y. Jiang, M. Shi, X. Shen et al., “BAT: A Robust Signature Scheme for Vehicular Networks Using Binary Authentication Tree,” IEEE Transactions on Wireless Communications, vol. 8, no. 4, pp. 1974-1983, Apr, 2009.",,,,
138,"[136]B. Ying, and A. Nayak, “Anonymous and Lightweight Authentication for Secure Vehicular Networks,” IEEE Transactions on Vehicular Technology, vol. 66, no. 12, pp. 10626-10636, Dec, 2017.","B. Ying, and A. Nayak, “Anonymous and Lightweight Authentication for Secure Vehicular Networks,” IEEE Transactions on Vehicular Technology, vol. 66, no. 12, pp. 10626-10636, Dec, 2017.",,,,
139,"[137] N. M. R. Lwamo, L. Zhu, C. Xu et al., “SUAA: A Secure User Authentication Scheme with Anonymity for the Single & Multi-server Environments,” Information Sciences, vol. 477, pp. 369-385, Mar, 2019."," N. M. R. Lwamo, L. Zhu, C. Xu et al., “SUAA: A Secure User Authentication Scheme with Anonymity for the Single & Multi-server Environments,” Information Sciences, vol. 477, pp. 369-385, Mar, 2019.",,,,
140,"[138]Xiao Jian, Li Wenjiang, Geng Hongyang, Zhai Yingbo. An RFID security authentication protocol that can resist DoS attacks in the Internet of Vehicles. Journal of Beijing University of Posts and Telecommunications, vol. 42, no. 02, pp.114-119, 2019.","Xiao Jian, Li Wenjiang, Geng Hongyang, Zhai Yingbo. An RFID security authentication protocol that can resist DoS attacks in the Internet of Vehicles. Journal of Beijing University of Posts and Telecommunications, vol. 42, no. 02, pp.114-119, 2019.",,,,
141,"[139]H. Zhu, T. Liu, G. Wei et al., “PPAS: privacy protection authentication scheme for VANET,” Cluster Computing-the Journal of Networks Software Tools and Applications, vol. 16, no. 4, pp. 873-886, Dec, 2013.","H. Zhu, T. Liu, G. Wei et al., “PPAS: privacy protection authentication scheme for VANET,” Cluster Computing-the Journal of Networks Software Tools and Applications, vol. 16, no. 4, pp. 873-886, Dec, 2013.",,,,
142,"[140]T. Limbasiya, and D. Das, “Secure message confirmation scheme based on batch verification in vehicular cloud computing,” Physical Communication, vol. 34, pp. 310-320, Jun, 2019.","T. Limbasiya, and D. Das, “Secure message confirmation scheme based on batch verification in vehicular cloud computing,” Physical Communication, vol. 34, pp. 310-320, Jun, 2019.",,,,
143,[141]椭圆曲线加密的文章,椭圆曲线加密的文章,,,,
144,[142]椭圆曲线加密的文章,椭圆曲线加密的文章,,,,
145,[143]椭圆曲线加密的文章,椭圆曲线加密的文章,,,,
146,[144]车联网通信文章,车联网通信文章,,,,
147,[145]车联网通信文章,车联网通信文章,,,,
148,[146]模型参数的泄露在下行信道,模型参数的泄露在下行信道,,,,
149,"[147]N. M. R. Lwamo, L. Zhu, C. Xu, K. Sharif, X. Liu, and C. Zhang, “SUAA: A secure user authentication scheme with anonymity for the single & multi-server environments,” Inf. Sci., vol. 477, pp. 369C385, Mar. 2019.","N. M. R. Lwamo, L. Zhu, C. Xu, K. Sharif, X. Liu, and C. Zhang, “SUAA: A secure user authentication scheme with anonymity for the single & multi-server environments,” Inf. Sci., vol. 477, pp. 369C385, Mar. 2019.",,,,
150,"[148]X. Jian, L. Wenjiang, G. Hongyang, and Z. Yingbo, “An RFID security authentication protocol that can resist DoS attacks in the Internet of Vehicles,” J. Beijing Univ. Posts Telecommun., vol. 42, no. 2, pp. 114C119, 2019.","X. Jian, L. Wenjiang, G. Hongyang, and Z. Yingbo, “An RFID security authentication protocol that can resist DoS attacks in the Internet of Vehicles,” J. Beijing Univ. Posts Telecommun., vol. 42, no. 2, pp. 114C119, 2019.",,,,
151,"[149]H. Zhu, T. Liu, G. Wei, and H. Li, “PPAS: Privacy protection authentication scheme for VANET,” Cluster Comput., vol. 16, no. 4, pp. 873C886, Dec. 2013.","H. Zhu, T. Liu, G. Wei, and H. Li, “PPAS: Privacy protection authentication scheme for VANET,” Cluster Comput., vol. 16, no. 4, pp. 873C886, Dec. 2013.",,,,
152,"[150]T. Limbasiya and D. Das, “Secure message confirmation scheme based on batch verification in vehicular cloud computing,” Phys. Commun., vol. 34, pp. 310C320, Jun. 2019.","T. Limbasiya and D. Das, “Secure message confirmation scheme based on batch verification in vehicular cloud computing,” Phys. Commun., vol. 34, pp. 310C320, Jun. 2019.",,,,
153,"[151]Qi, Y. ,  Hossain, M. S. ,  Nie, J. , &  Li, X. . (2021). Privacy-preserving blockchain-based federated learning for traffic flow prediction. Future Generation Computer Systems, 117(2946), 328-337.","Qi, Y. ,  Hossain, M. S. ,  Nie, J. , &  Li, X. . (2021). Privacy-preserving blockchain-based federated learning for traffic flow prediction. Future Generation Computer Systems, 117(2946), 328-337.",,,,
154,"[152]Nasaruddin, N. ,  Muchtar, K. , &  Afdhal, A. . (2019). A lightweight moving vehicle classification system through attention-based method and deep learning. IEEE Access, 7, 157564-157573.","Nasaruddin, N. ,  Muchtar, K. , &  Afdhal, A. . (2019). A lightweight moving vehicle classification system through attention-based method and deep learning. IEEE Access, 7, 157564-157573.",,,,
155,"[153]H  Kim,  Park, J. ,  Bennis, M. , &  Kim, S. L. . (2020). Blockchained on-device federated learning. IEEE Communications Letters, 24(6), 1279-1283. ","H  Kim,  Park, J. ,  Bennis, M. , &  Kim, S. L. . (2020). Blockchained on-device federated learning. IEEE Communications Letters, 24(6), 1279-1283. ",,,,
156,"[154]Wei K ,  Li J ,  Ding M , et al.. (2020). Federated Learning with Differential Privacy: Algorithms and Performance Analysis. IEEE Transactions on Information Forensics and Security, 15: 3454-3469. ","Wei K ,  Li J ,  Ding M , et al.. (2020). Federated Learning with Differential Privacy: Algorithms and Performance Analysis. IEEE Transactions on Information Forensics and Security, 15: 3454-3469. ",,,,
157,"[155]Li Y, Zhang Z, Zhang Z, et al. (2020). Secure Federated Learning with Efficient Communication in Vehicle Network. Journal of Internet Technology, 21(7): 2075-2084. ","Li Y, Zhang Z, Zhang Z, et al. (2020). Secure Federated Learning with Efficient Communication in Vehicle Network. Journal of Internet Technology, 21(7): 2075-2084. ",,,,
158,"[156]He Wenchen. , GUO Shaoyong. , QIU Xuesong. , Chen Liandong. , ZHANG Suxiang. . (2021). Federated Learning Node Selection Method based on DRL. Journal of Communications. 42(06):62-71. https://doi.org/ TXXB202106006.","He Wenchen. , GUO Shaoyong. , QIU Xuesong. , Chen Liandong. , ZHANG Suxiang. . (2021). Federated Learning Node Selection Method based on DRL. Journal of Communications. 42(06):62-71. https://doi.org/ TXXB202106006.",,,,
159,"[157]Yu, S. ,  X  Chen,  Zhou, Z. ,  X  Gong, &  Wu, D. . (2020). When deep reinforcement learning meets federated learning: intelligent multi-timescale resource management for multi-access edge computing in 5g ultra dense network. IEEE Internet of Things Journal. PP(99), 1-1.","Yu, S. ,  X  Chen,  Zhou, Z. ,  X  Gong, &  Wu, D. . (2020). When deep reinforcement learning meets federated learning: intelligent multi-timescale resource management for multi-access edge computing in 5g ultra dense network. IEEE Internet of Things Journal. PP(99), 1-1.",,,,
160,"[158]Liu, H. ,  Zhang, P. ,  Pu, G. ,  Yang, T. , &  Zhang, Y. . (2020). Blockchain empowered cooperative authentication with data traceability in vehicular edge computing. IEEE Transactions on Vehicular Technology. 69(4):4221-4232, 1-1. ","Liu, H. ,  Zhang, P. ,  Pu, G. ,  Yang, T. , &  Zhang, Y. . (2020). Blockchain empowered cooperative authentication with data traceability in vehicular edge computing. IEEE Transactions on Vehicular Technology. 69(4):4221-4232, 1-1. ",,,,
161,"[159]Yu Z, Hu J, Min G, Zhao Z, Miao W, Hossain M. (2021). Mobility-Aware Proactive Edge Caching for Connected Vehicles Using Federated Learning[J]. IEEE Transactions on Intelligent Transportation Systems, 2021, 22(8): 5341-5351.","Yu Z, Hu J, Min G, Zhao Z, Miao W, Hossain M. (2021). Mobility-Aware Proactive Edge Caching for Connected Vehicles Using Federated Learning[J]. IEEE Transactions on Intelligent Transportation Systems, 2021, 22(8): 5341-5351.",,,,
162,"[160]陈志.雾网络中基于联邦学习的可信边缘缓存方案研究[D].重庆邮电大学,2022.","陈志.雾网络中基于联邦学习的可信边缘缓存方案研究[D].重庆邮电大学,2022.",,,,
163,"[161]F. O. Olowononi, D. B. Rawat and C. Liu. (2021). Federated Learning with Differential Privacy for Resilient Vehicular Cyber Physical Systems. 2021 IEEE 18th Annual Consumer Communications & Networking Conference (CCNC), pp. 1-5.","F. O. Olowononi, D. B. Rawat and C. Liu. (2021). Federated Learning with Differential Privacy for Resilient Vehicular Cyber Physical Systems. 2021 IEEE 18th Annual Consumer Communications & Networking Conference (CCNC), pp. 1-5.",,,,
164,[162]DAG-FL: Direct Acyclic Graph-based Blockchain Empowers On-Device Federated Learning,DAG-FL: Direct Acyclic Graph-based Blockchain Empowers On-Device Federated Learning,,,,
165,[163]A verifiable and privacy-preserving blockchain-based federated learning approach,A verifiable and privacy-preserving blockchain-based federated learning approach,,,,
166,"[164]D Ye ,  Yu, R. ,  Pan, M. , &  Han, Z. . (2020). Federated learning in vehicular edge computing: a selective model aggregation approach. IEEE Access, 8: 23920-23935.","D Ye ,  Yu, R. ,  Pan, M. , &  Han, Z. . (2020). Federated learning in vehicular edge computing: a selective model aggregation approach. IEEE Access, 8: 23920-23935.",,,,
167,[165]Raj JT. (2020). Building Decentralized Image Classifiers with Federated Learning.IEEE-Region-10 Symposium (TENSYMP) - Technology for Impactful Sustainable Development.489-494.,Raj JT. (2020). Building Decentralized Image Classifiers with Federated Learning.IEEE-Region-10 Symposium (TENSYMP) - Technology for Impactful Sustainable Development.489-494.,,,,
168,"[166]Pokhrel, S. R. , &  Choi, J. . (2020). Federated learning with blockchain for autonomous vehicles: analysis and design. IEEE Transactions on Communications. 68(8):4734-4746.","Pokhrel, S. R. , &  Choi, J. . (2020). Federated learning with blockchain for autonomous vehicles: analysis and design. IEEE Transactions on Communications. 68(8):4734-4746.",,,,
169,"[167]Tan C ,  Bei S ,  Jing Z , et al.. (2021). An Atomic Cross-Chain Swap-Based Management System in Vehicular Ad Hoc Networks. Wireless Communications and Mobile Computing, 2014:1-14.","Tan C ,  Bei S ,  Jing Z , et al.. (2021). An Atomic Cross-Chain Swap-Based Management System in Vehicular Ad Hoc Networks. Wireless Communications and Mobile Computing, 2014:1-14.",,,,
170,"[168]Zakhary V ,  Agrawal D ,  Abbadi A E .(2019). Atomic Commitment Across Blockchains. Proceedings of the Vldb Endowment.13(9): 1319-1331.","Zakhary V ,  Agrawal D ,  Abbadi A E .(2019). Atomic Commitment Across Blockchains. Proceedings of the Vldb Endowment.13(9): 1319-1331.",,,,
171,"[169]Seo, H. ,  Park, J. ,  Bennis, M. , &  Choi, W.. (2021). Communication and Consensus Co-Design for Distributed, Low-Latency, and Reliable Wireless Systems. IEEE Internet of Things Journal. 8(1)：129-143.","Seo, H. ,  Park, J. ,  Bennis, M. , &  Choi, W.. (2021). Communication and Consensus Co-Design for Distributed, Low-Latency, and Reliable Wireless Systems. IEEE Internet of Things Journal. 8(1)：129-143.",,,,
172,[170],,,,,
